0,1,2,3,4,5,6,7,8,9,10,11,12,13,14,15,16,17,18,19
man,demon,convince,story,discovers,political,guest,friend,true,like,look,know,fear,pretend,nature,confront,descend,bright,personality,hunt
love,fall,french,student,king,two,play,romantic,story,dr,counterpart,exchange,marry,brother,tale,famous,mysterious,think,hard,mother
young,husband,try,officer,beautiful,story,dangerous,help,boy,home,escape,relationship,war,girl,men,name,doctor,fantasy,begin,decide
killer,serial,detective,law,female,victim,violence,person,gay,one,lead,two,duo,clue,personality,journalist,past,intelligent,effort,capture
daughter,wife,face,leave,suffer,die,car,accident,second,poor,castle,rule,need,become,begin,two,look,experiment,professor,mute
team,stop,evil,try,former,cop,computer,agent,kgb,protect,steal,world,rescue,russian,plan,use,chip,new,nuclear,game
woman,town,come,pursue,small,notorious,beautiful,mysterious,work,comedy,along,successful,show,move,many,compete,dream,fortune,unemployed,within
film,story,work,tell,base,red,comedy,set,boy,strange,world,bring,novel,movie,studio,village,adventure,romantic,mafia,company
get,thing,friend,go,best,marry,tell,old,help,marriage,boyfriend,hire,cop,mother,business,try,brother,wife,kid,give
find,new,way,time,hit,job,secret,die,friend,make,mob,bring,bos,work,advertising,ancient,human,virus,miss,discover
take,one,meet,become,plan,job,decide,involve,night,son,large,case,new,someone,blackmail,power,kill,begin,money,everything
american,war,expatriate,paris,affair,world,ii,arrive,france,meet,control,fellow,fight,civil,struggle,writer,south,major,former,turbulent
family,father,search,year,irish,son,neighbor,widow,marriage,farm,relationship,wound,face,local,adaptation,fear,captain,spend,fall,flee
drug,want,name,operation,lord,local,sell,cia,undercover,agent,prison,dealer,work,help,police,eye,lead,embroil,stay,steal
life,move,learn,housewife,friend,four,day,end,lesbian,year,best,apartment,make,invite,threaten,good,student,photographer,past,circle
school,girl,high,parent,teacher,go,trip,society,come,city,teenage,age,gang,new,mrs,look,child,tough,summer,catholic
criminal,police,leader,kill,run,know,group,old,money,kidnap,gang,pose,mountain,rich,cult,revenge,lead,use,force,violent
murder,two,run,accuse,project,put,girlfriend,crime,boy,investigate,deal,rap,case,effect,witness,los,year,lawyer,parent,contain
